Designator,Footprint,Quantity,Value,LCSC Part #
"C1, C2, C3",C_0805_2012Metric_Pad1.18x1.45mm_HandSolder,3,C_Small,
C4,C_0402_1005Metric,1,C_Small,
D1,LED_0603_1608Metric,1,RXOK,
D2,LED_0603_1608Metric,1,SFD,
D3,LED_0603_1608Metric,1,RX,
D4,LED_0603_1608Metric,1,TX,
DWM1,DWM1000,1,DWM1000,
J1_2,PinHeader_2x03_P2.54mm_Vertical,1,Conn_02x03_Counter_Clockwise,
J1,PinHeader_1x16_P2.54mm_Vertical,1,feather long,
J2,PinHeader_1x12_P2.54mm_Vertical,1,feather short,
"R1, R2, R4",R_0603_1608Metric,3,470,
R3,R_0603_1608Metric,1,750,
R5,R_0603_1608Metric,1,100k,
SW1,SW_SPST_B3U-3000P,1,RESET,
